[
  {
    "name": "Cupcake",
    "age": "4",
    "weight": "24",
    "type": "Chrome",
    "likes": "Buiscuits"
  },
  {
    "name": "tp2",
    "age": "10",
    "weight": "20",
    "type": "gs",
    "likes": "sleeping"
  },
  {
    "name": "tp3",
    "age": "10",
    "weight": "20",
    "type": "gs",
    "likes": "sleeping"
  },
  {
    "name": "tp4",
    "age": "10",
    "weight": "20",
    "type": "gs",
    "likes": "sleeping"
  },
  {
    "name": "tp5",
    "age": "10",
    "weight": "20",
    "type": "gs",
    "likes": "sleeping"
  },
  {
    "name": "tp1",
    "age": "10",
    "weight": "20",
    "type": "gs",
    "likes": "sleeping"
  }
]
